,source,author,title,description,url,urlToImage,publishedAt,content
0,"{'id': None, 'name': 'GameSpot'}",Darryn Bonthuys,Street Fighter 6 - Everything We Know About The Capcom Fighting Game,"Mainline entries in the Street Fighter series don't roll out too often, but come 2023, a new challenger arises in the form of Street Fighter 6. Capcom's iconic fighting game franchise is shaping up to not only be a visually impressive and hard-hitting new cha…",https://www.gamespot.com/articles/street-fighter-6-everything-we-know-about-the-capcom-fighting-game/1100-6510023/,https://www.gamespot.com/a/uploads/screen_kubrick/1601/16018044/4076872-streetfighter6%284%29.jpg,2022-12-25T14:00:00Z,"Mainline entries in the Street Fighter series don't roll out too often, but come 2023, a new challenger arises in the form of Street Fighter 6. Capcom's iconic fighting game franchise is shaping up t… [+7277 chars]"
1,"{'id': None, 'name': 'Forbes'}","Shep Hyken, Contributor, 
 Shep Hyken, Contributor
 https://www.forbes.com/sites/shephyken/",Are You As Good As You Think You Are? The Big Disconnect Between Brands And Their Customers,"Even though we may think we’re good at responding to customers’ questions, problems and complaints, overall, our customers don’t agree.",https://www.forbes.com/sites/shephyken/2022/12/25/are-you-as-good-as-you-think-you-are-the-big-disconnect-between-brands-and-their-customers/,https://imageio.forbes.com/specials-images/imageserve/63a74ef1036c0fcc2c1d7c6d/0x0.jpg?format=jpg&width=1200,2022-12-25T14:00:00Z,"Even though we may think were good at responding to customers questions, problems and complaints, ... [+] overall, our customers dont agree. 
getty
Do you think your company provides good customer … [+4385 chars]"
2,"{'id': None, 'name': 'Seeking Alpha'}",Retired Investor,EEMS Vs. FEMS: Comparing Small-Cap Emerging Market Equity ETFs,EEMS and FEMS and their respective index are reviewed to see how the underlying index can drive the results. Click to read my analysis and which fund is best.,https://seekingalpha.com/article/4565551-eems-vs-fems-comparing-small-cap-emerging-market-equity-etfs,https://static.seekingalpha.com/cdn/s3/uploads/getty_images/868638158/image_868638158.jpg?io=getty-c-w750,2022-12-25T14:00:00Z,"William_Potter
(This article was co-produced with Hoya Capital Real Estate)
 Introduction
 Emerging Markets stocks are considered riskier than US or other Developed-Market stocks. Small-Caps are c… [+10916 chars]"
3,"{'id': 'business-insider', 'name': 'Business Insider'}","zrosenberg@insider.com (Zoe Rosenberg,Robert Davis,Dan Latu,Kelsey Neubauer,Alcynna Lloyd,James Rodriguez,Alex Nicoll,Daniel Geiger,Alexandra York,Jennifer Ortakales Dawkins)","29 must-read books to be successful in real estate at a young age, according to industry visionaries under 35 years old","Rising stars in the real-estate industry draw inspiration from tales of self-exploration, interpersonal communication, and even Wall Street hijinks.",https://www.businessinsider.com/real-estate-books-advance-career-2022-12,https://i.insider.com/63a5edd7f0d34c0018bc4173?width=1200&format=jpeg,2022-12-25T14:00:00Z,"Careers in real estate vary from brokers and lenders to investors, developers, and architects. Equally as varied are the types of people that take those jobs.
One thing that shapes these people is w… [+1064 chars]"
4,"{'id': None, 'name': 'Mirror Online'}",mirrornews@mirror.co.uk (Josh O'Brien),Jose Mourinho’s sarcastic dig at Premier League amid festive fixture chaos,A LOOK BACK: The Premier League festive calendar is set to be without disruption for the first time in a few years after Jose Mourinho aired his fury in 2020 and coronavirus caused havoc again in 2021,https://www.mirror.co.uk/sport/football/news/jose-mourinho-premier-league-dig-28772539,https://i2-prod.mirror.co.uk/incoming/article28772833.ece/ALTERNATES/s1200/0_GettyImages-1327649338.jpg,2022-12-25T14:00:00Z,"Jose Mourinho has never been particularly shy when it comes to bemoaning decisions, whether they be ones made by referees or those at boardroom level. 
 His Tottenham tenure was no different, but on… [+3571 chars]"
5,"{'id': None, 'name': 'TheGrio'}",Associated Press,Actor Orlando Brown pleads not guilty to assault charges,"NEW YORK (AP) — Former child star Orlando Brown has pleaded not guilty to misdemeanor assault charges stemming from an
The post Actor Orlando Brown pleads not guilty to assault charges appeared first on TheGrio.",http://thegrio.com/2022/12/25/orlando-brown-not-guilty-plea/,https://thegrio.com/wp-content/uploads/2022/12/1000-57.webp,2022-12-25T13:53:23Z,"Troubles continue to mount for Orlando Brown
NEW YORK (AP) Former child star Orlando Brown has pleaded not guilty to misdemeanor assault charges stemming from an alleged altercation in Lima, Ohio.
… [+1333 chars]"
6,"{'id': 'the-times-of-india', 'name': 'The Times of India'}",PTI,"Transformative reforms in last 8 years brought transparency, accountability: Jitendra Singh","In 2017, a dedicated online portal (https://probity-dopt.nic.in) was made functional for obtaining the data from all the ministries/departments/autonomous organisations/public sector banks in respect of number of cases pending for sanction for prosecution, nu…",https://economictimes.indiatimes.com/news/india/transformative-reforms-in-last-8-years-brought-transparency-accountability-jitendra-singh/articleshow/96498790.cms,"https://img.etimg.com/thumb/msid-96498812,width-1070,height-580,imgsize-53546,overlay-economictimes/photo.jpg",2022-12-25T13:51:51Z,"Union Minister of State for Personnel Jitendra Singh on Sunday said the transformative reforms undertaken in the last eight years has brought increased transparency, accountability and technology-dri… [+2969 chars]"
7,"{'id': None, 'name': 'Business Standard'}",AP,Surge in Covid-19 cases in China raises odds of new coronavirus mutant,"Could the COVID-19 surge in China unleash a new coronavirus mutant on the world?
Scientists don't know but worry that might happen. It could be similar to omicron variants circulating there now. It could be a combination of strains. Or something entirely diff…",https://www.business-standard.com/article/current-affairs/surge-in-covid-19-cases-in-china-raises-odds-of-new-coronavirus-mutant-122122500591_1.html,https://bsmedia.business-standard.com/_media/bs/img/article/2022-12/19/full/1671420002-6694.jpg,2022-12-25T13:42:00Z,"Could the COVID-19 surge in China unleash a new coronavirus mutant on the world?
Scientists don't know but worry that might happen. It could be similar to omicron variants circulating there now. It … [+3776 chars]"
8,"{'id': 'politico', 'name': 'Politico'}",,China’s foreign minister signals deeper ties with Russia,Wang Yi said China would “deepen strategic mutual trust and mutually beneficial cooperation” with Russia.,https://www.politico.com/news/2022/12/25/china-russia-ties-foreign-00075585,https://static.politico.com/78/af/fa3d8e854ea791596df3e3fdf3b1/china-diplomacy-97410.jpg,2022-12-25T13:40:31Z,"Wang said that China would deepen strategic mutual trust and mutually beneficial cooperation with Russia. Warships from the two countries held joint naval drills in the East China Sea last week.
Wit… [+1447 chars]"
9,"{'id': None, 'name': 'Askubuntu.com'}",Marietto,Can bumblebee offers a framebuffer driver / display server that can works together with my nvidia GPU configured as PRIME RENDER OFFLOAD?,"Hello Ubuntu users and developers,
I have two monitors right now. The first one is new,AOC 32 inches and I use it for FreeBSD. The second screen is 25 years old,it’s a SAMSUNG SYNCMASTER that I don’t want to use because it's not working well. I have 3 GPUS on…",https://askubuntu.com/questions/1447224/can-bumblebee-offers-a-framebuffer-driver-display-server-that-can-works-togeth,https://cdn.sstatic.net/Sites/askubuntu/Img/apple-touch-icon@2.png?v=c492c9229955,2022-12-25T13:38:16Z,"Hello Ubuntu users and developers,
I have two monitors right now. The first one is new,AOC 32 inches and I use it for FreeBSD. The second screen is 25 years old,its a SAMSUNG SYNCMASTER that I dont … [+4187 chars]"
10,"{'id': 'cbs-news', 'name': 'CBS News'}",,China's COVID-19 surge raises odds of new variants,"Every new infection offers a chance for the coronavirus to mutate, and the virus is spreading rapidly in China.",https://www.cbsnews.com/news/china-covid-19-surge-new-coronavirus-variant-risk/,https://assets2.cbsnewsstatic.com/hub/i/r/2022/12/25/2d23ce19-45c1-4162-88d5-5bed7ddae08a/thumbnail/1200x630/ced6557935a98a2e886c2a701776e47c/gettyimages-1452325014.jpg,2022-12-25T13:37:30Z,"Could the COVID-19 surge in China unleash a new coronavirus mutant on the world?
Scientists don't know but worry that might happen. It could be similar to Omicron variants circulating there now. It … [+3768 chars]"
11,"{'id': None, 'name': 'Forbes'}","Q.ai - Powering a Personal Wealth Movement, Contributor, 
 Q.ai - Powering a Personal Wealth Movement, Contributor
 https://www.forbes.com/sites/qai/",Why Energy Stocks Are Moving Up After The Most Recent Slump,"Energy stocks fell sharply. Now they’re headed back up. Here’s everything investors need to know about the swings caused by Russia, China, and the United States.",https://www.forbes.com/sites/qai/2022/12/25/why-energy-stocks-are-moving-up-after-the-most-recent-slump/,https://imageio.forbes.com/specials-images/imageserve/63a74a3d12a3e74a9e8f0740/0x0.jpg?format=jpg&width=1200,2022-12-25T13:30:00Z,"|
Getty Images
Key Takeaways
<ul><li>Last week, oil prices were down as American price caps on Russian oil were weaker than originally intended. In theory, this meant a more steady supply of oil a… [+8030 chars]"
12,"{'id': 'the-verge', 'name': 'The Verge'}",Ash Parrish,The quest to save a Stadia exclusive,"As Google Stadia prepares to shut down in January, Q-Games, makers of The Tomorrow Children, is trying to save one of its games PixelJunk Raiders, a Stadia exclusive, from disappearing with the platform.",https://www.theverge.com/23522519/pixeljunk-raiders-google-stadia-q-games,https://cdn.vox-cdn.com/thumbor/ethT4gH7OJRVI231umf_zcHPiG8=/0x0:1280x720/1200x628/filters:focal(640x360:641x361)/cdn.vox-cdn.com/uploads/chorus_asset/file/24311074/ezgif.com_gif_maker__3_.png,2022-12-25T13:30:00Z,"The quest to save a Stadia exclusive
The quest to save a Stadia exclusive
 / Q-Games PixelJunk Raiders will cease to be when Stadia shuts down. Its CEO is trying to stop that.
ByAsh Parrish
Dec 2… [+7679 chars]"
13,"{'id': None, 'name': 'Bleeding Cool News'}",Jude Terror,Batman: The Audio Adventures #4 Preview: Killer Croc Trips Balls,"In this week's preview of Batman: The Audio Adventures #4, Killer Croc is having a bad trip. The villainous crocodile is on a rampage, and it's up to Batman to talk him down. To get some insight on this preview, I've asked for the thoughts of Bleeding Cool's …",https://bleedingcool.com/comics/batman-the-audio-adventures-4-preview-killer-croc-trips-balls/,https://bleedingcool.com/wp-content/uploads/2022/12/Batman-The-Audio-Adventures-4-4-min-1200x628.jpg,2022-12-25T13:26:11Z,"In this week's preview of Batman: The Audio Adventures #4, Killer Croc is having a bad trip. The villainous crocodile is on a rampage, and it's up to Batman to talk him down. To get some insight on t… [+4718 chars]"
14,"{'id': None, 'name': 'Thewindowsclub.com'}",AnandK@TWC,What is Bootstrapper.exe? Fix Bootstrapper stopped working error,"In this post, we will show you how to fix Microsoft Setup Bootstrapper has stopped working and other Bootstrapper.exe errors and also explain what is Bootstrapper.exe. This error usually occurs due to disturbances via third-party applications. However, severa…",https://www.thewindowsclub.com/what-is-bootstrapper-exe,https://www.thewindowsclub.com/wp-content/uploads/2022/12/Microsoft-Setup-Bootstrapper-Has-Stopped-Working.png,2022-12-25T13:23:58Z,"In this post, we will show you how to fix Microsoft Setup Bootstrapper has stopped working and other Bootstrapper.exe errors and also explain what is Bootstrapper.exe. This error usually occurs due t… [+4744 chars]"
15,"{'id': None, 'name': 'Daily Mail'}","Will Stewart, Elizabeth Haigh",'CIA behind spate of explosions in Russia': US veteran claims CIA and NATO ally behind sabotage,"The campaign is behind unexplained explosions and fires that have hit strategic or prominent facilities in recent months, says US expert Jack Murphy, an Army Special Operations veteran.",https://www.dailymail.co.uk/news/article-11572881/CIA-spate-explosions-Russia-veteran-claims-CIA-NATO-ally-sabotage.html,https://i.dailymail.co.uk/1s/2022/12/25/12/65923039-0-image-a-23_1671970724777.jpg,2022-12-25T13:21:27Z,"The CIA is combining with the spy service of a NATO ally in Europe to conduct covert sabotage operations inside Russia, according to new claims.
The clandestine campaign is behind many unexplained e… [+7478 chars]"
16,"{'id': None, 'name': 'Raw Story'}","Kirk Swearingen, Salon",Words of the year 2022: We were gaslit in goblin mode,"The words of 2022 were ""goblin mode,"" in the United Kingdom, and ""gaslight,"" in the United States.In these times of the right's determined distribution of disinformation, conspiracy theories and lazy thinking, those choices make perfect sense.We are all now m…",https://www.rawstory.com/words-of-the-year-2022-we-were-gaslit-in-goblin-mode/,https://www.rawstory.com/media-library/trump.jpg?id=31177280&width=1200&height=600&coordinates=0%2C25%2C0%2C25,2022-12-25T13:19:50Z,"Transcript
This is a rush transcript. Copy may not be in its final form.AMY GOODMAN: This is Democracy Now!, democracynow.org, The War and Peace Report. Im Amy Goodman.
The House Select Committee t… [+9612 chars]"
17,"{'id': 'the-times-of-india', 'name': 'The Times of India'}",IANS,Will metaverse come out of its cocoon or fail to woo netizens?,"Meta (formerly Facebook), which sacked more than 11,000 employees in 2022, is reportedly struggling to gain and keep users on its social virtual reality (VR) platform called Horizon Worlds -- its biggest bet to fulfil its $10 billion metaverse dream.",https://economictimes.indiatimes.com/tech/technology/will-metaverse-come-out-of-its-cocoon-or-fail-to-woo-netizens/articleshow/96498379.cms,"https://img.etimg.com/thumb/msid-96498386,width-1070,height-580,imgsize-604251,overlay-ettech/photo.jpg",2022-12-25T13:17:17Z,Metaverse -- the most used tech buzzword of the year -- has failed to gain the attention of the masses to date. Will it become useful in our daily lives in 2023 as companies spend billions on virtual… [+3771 chars]
18,"{'id': None, 'name': 'Www.nzz.ch'}",Thomas Fuster (tf),"«Ich wusste, dass es falsch war» – Die Komplizin des FTX-Gründers Bankman-Fried gewährt einen Einblick in die betrügerischen Machenschaften","Bei der Strafuntersuchung gegen die insolvente Krypto-Börse FTX haben die amerikanischen Behörden erste Befragungsprotokolle veröffentlicht. Die Schuldeingeständnisse von zwei ehemals hochrangigen Managern zeigen, dass ihnen die Unrechtmässigkeit der Taten be…",https://www.nzz.ch/finanzen/ich-wusste-dass-es-falsch-war-die-komplizin-des-ftx-gruenders-bankman-fried-gewaehrt-einen-einblick-in-die-betruegerischen-machenschaften-ld.1718768,"https://img.nzz.ch/2022/12/25/b6941556-2ea0-496a-a33c-4059788f759b.jpeg?width=1200&height=674&fit=bound&quality=75&auto=webp&crop=1620,910,x0,y84&wmark=nzz",2022-12-25T13:12:57Z,"Sam Bankman-Fried hier vor einem Gericht in New York soll mittels der Krypto-Plattform FTX die Konten seiner Kunden geplündert haben.
Die Beweislage scheint derart erdrückend zu sein, dass alles Abs… [+4253 chars]"
19,"{'id': 'the-times-of-india', 'name': 'The Times of India'}",ET Spotlight Special,"Nothing Phone (1) available at discounted rates on Flipkart. Check prices, offers - Economic Times","<ol><li>Nothing Phone (1) available at discounted rates on Flipkart. Check prices, offers  Economic Times
</li><li>Year end sale on Flipkart: Discount on Nothing Phone (1) | Mint  Mint
</li><li>View Full coverage on Google News</li></ol>",https://economictimes.indiatimes.com/news/new-updates/nothing-phone-1-available-at-discounted-rates-on-flipkart-check-prices-offers/articleshow/96498258.cms,"https://img.etimg.com/thumb/msid-96498252,width-1070,height-580,imgsize-45288,overlay-economictimes/photo.jpg",2022-12-25T13:11:00Z,"Customers can now avail the Nothing Phone (1) at a subsidized rate of Rupees 25999 on Flipkart's Year End Sale. The current original price of the 8GB + 128 GB variant of the Nothing Phone (1), on Fli… [+2001 chars]"
20,"{'id': None, 'name': 'iLounge'}",Samantha Wiley,The Spigen 65W Dual USB-C Wall Charger is Down $17,"A dual wall charger is a definite improvement for power users and those who want to charge their essential devices simultaneously. Today, the Spigen ... Read more",https://www.ilounge.com/news/the-spigen-65w-dual-usb-c-wall-charger-is-down-17,https://www.ilounge.com/wp-content/uploads/2022/12/Spigen-65W-Dual-USB-C-Wall-Charger.png,2022-12-25T13:06:40Z,"A dual wall charger is a definite improvement for power users and those who want to charge their essential devices simultaneously.
Today, the Spigen ArcStation Pro GaN Dual USB-C Wall Charger is dow… [+738 chars]"
21,"{'id': None, 'name': 'Livemint'}",Livemint,Explosion of new Covid variants likely…: Expert warns amid China infection surge,"When we’ve seen big waves of infection, it’s often followed by new variants being generated, expert said",https://www.livemint.com/companies/news/explosion-of-new-covid-variants-likely-expert-warns-amid-china-infection-surge-11671970062258.html,https://images.livemint.com/img/2022/12/25/600x338/Covid_1671973162250_1671973162449_1671973162449.jpg,2022-12-25T13:03:52Z,"The Covid situation in China is untamable right now and experts are of the opinion that this could mean the explosion of a new variant.   China, which has a 1.4 billion population, has largely abando… [+2421 chars]"
22,"{'id': None, 'name': 'MakeUseOf'}",Cheryl Vaughn,How to Back Up and Restore Data on Your Samsung Galaxy Watch,"Bought a new Galaxy Watch, or need to factory reset your old one? Here's how to back up and restore your data first.",https://www.makeuseof.com/back-up-restore-samsung-galaxy-watch/,https://static1.makeuseofimages.com/wordpress/wp-content/uploads/2022/12/samsung-galaxy-watch-5.jpg,2022-12-25T13:01:14Z,"Technology moves fast. It can be hard to keep up if you're switching or upgrading to newer devices—particularly smartphones or smartwatches. If you're using a Galaxy smartwatch, you can easily create… [+4748 chars]"
23,"{'id': None, 'name': 'Austin American-Statesman'}","Linda Garza Battles and Dwana Franklin-Davis, Austin American-Statesman",Adding women and diversity in tech can help defeat cyberattacks - Austin American-Statesman,Texas businesses are losing big money in cyberattacks. Diversifying the tech workforce can help.,https://www.statesman.com/story/opinion/columns/your-voice/2022/12/25/adding-women-and-diversity-in-tech-can-help-defeat-cyberattacks/69751574007/,https://www.gannett-cdn.com/-mm-/ec065f88ab3004c12818e9bf1011b4855b90fb8e/c=0-94-3000-1782/local/-/media/2020/09/11/Austin/ghows-TX-200819087-db23fbb5.jpg?auto=webp&format=pjpg&width=1200,2022-12-25T13:01:00Z,"In today's business world, planning for cyberattacks is essential. Major employers, government offices, healthcare systems, and utility infrastructure have all become cybercrime victims. Last year, U… [+4091 chars]"
24,"{'id': None, 'name': 'Seeking Alpha'}",Fountainhead,"Poor Earnings, Shallow Recession To Drag S&P 500 Initially, But I Expect Strong Recovery To 4,151 By Year-End 2023","I expect S&P 500 2024 forward earnings to be $237.2, which in my opinion should fetch 17.5X. Learn more about S&P 500 outlook and my market prediction for 2023.",https://seekingalpha.com/article/4566328-poor-earnings-shallow-recession-s-and-p-500-lower-initially-recover-to-4151-by-year-end-2023,https://static.seekingalpha.com/cdn/s3/uploads/getty_images/1404005430/image_1404005430.jpg?io=getty-c-w750,2022-12-25T13:00:15Z,"marrio31
I Expect A Slow Burn with S&amp;P 500 Earnings Dropping to $210 in 2023 
 Company management and analysts have not been forthcoming enough in reducing S&amp;P 500 (SP500) earnings estimate… [+17539 chars]"
25,"{'id': None, 'name': ""Tom's Hardware UK""}",Christopher Coke,HyperX ProCast XLR Microphone Review: Good Sound But Too Expensive,The HyperX ProCast is a good XLR microphone with a couple of nice features and included accessories but is much too expensive to make it a good choice against the competition.,https://www.tomshardware.com/reviews/hyperx-procast-xlr-microphone,https://cdn.mos.cms.futurecdn.net/tTYNAx3k8o2ZrCu8gNnda8-1200-80.jpg,2022-12-25T13:00:12Z,"HyperX is no stranger to the world of gaming microphones. Its HyperX QuadCast
 currently holds the top spot on our list of the best gaming microphones
, and has since released multiple iterations, … [+9918 chars]"
26,"{'id': None, 'name': 'Kdnuggets.com'}",KDnuggets,Data-Driven Holiday Cheer: How Santa is Using Analytics to Make the Season Bright,"Want to know how Santa might use data science to make his job easier? So did we, so we asked ChatGPT. Read on to find out what it said.",https://www.kdnuggets.com/2022/12/data-driven-holiday-cheer.html,https://www.kdnuggets.com/wp-content/uploads/dalle-photo-santa-claus-analytical-data.jpg,2022-12-25T13:00:08Z,"Santa is doing data science (Image by DALL-E)
Just for fun (obviously), we asked ChatGPT to give us some insight into how Santa might use data science to streamline his workshop processes.
We start… [+2681 chars]"
27,"{'id': None, 'name': 'CNET'}",Jesse Orrall,You Could Fly in a Zapata Jetracer Next Year,"Zapata's 10-engine Jetracer is mostly for recreation, but it lays the groundwork for the company's entrance into the air mobility market.",https://www.cnet.com/roadshow/news/you-could-fly-in-a-zapata-jetracer-next-year/,https://www.cnet.com/a/img/resize/4ed8586f4946d15fe27517b55b9eb6f6344bd343/hub/2022/12/15/e9758c2a-a3a6-489b-9c97-bb1610daf0a8/jetracer-5.jpg?auto=webp&fit=crop&height=630&width=1200,2022-12-25T13:00:02Z,"What has one seat, 10 jet engines and autonomous flight capabilities? It's the Jetracer from Zapata.
You might be familiar with the Zapata name due to the company's viral videos of its inventions su… [+1995 chars]"
28,"{'id': 'usa-today', 'name': 'USA Today'}",USA TODAY,"Use Apple, Google, Facebook, or Twitter? Here's how to find out what they know about you",Data collection goes far beyond social media. Every Big Tech company has at least some information on you. Here's how to find out what they know.,https://www.usatoday.com/story/tech/columnist/komando/2022/12/25/find-out-what-apple-google-facebook-twitter-know-about-you/10912284002/,https://s.yimg.com/ny/api/res/1.2/HdRSNi7Df2SrK1gCWqmX1w--/YXBwaWQ9aGlnaGxhbmRlcjt3PTEyMDA7aD02NzU-/https://media.zenfs.com/en/usa_today_tech_153/5ff47aaf21ac0f134b5e91b0f7d68557,2022-12-25T13:00:01Z,"Some Big Tech companies have taken steps to minimize your datas exposure to third-party advertisers, but it doesnt eradicate it completely.
Its no surprise anymore that social media companies like M… [+6471 chars]"
29,"{'id': None, 'name': 'Motley Fool'}",newsfeedback@fool.com (Jose Najarro and Nicholas Rossolillo),Is It Better to Buy Auto Chip Stock Pure Plays or Legacy Chip Stocks Getting Into Auto Technology?,These two semiconductor investors are back to discuss how they are investing in the auto chip market.,https://www.fool.com/investing/2022/12/25/is-it-better-to-buy-auto-chip-stock-pure-plays-or/,https://g.foolcdn.com/editorial/images/714184/copy-of-jose-najarro-23.png,2022-12-25T13:00:00Z,"In today's video, Jose Najarro and Nick Rossolillo discuss the different ways to invest in the growing automotive tech market, discussing companies like Tesla (TSLA -1.75%), Mobileye (MBLY 0.29%), an… [+241 chars]"
30,"{'id': None, 'name': 'Bitcoin Magazine'}",Obi Nwosu,From Prediction To Reality: How Bitcoin Will Win In 2023,"I predicted that Bitcoin would face attacks between 2018 to 2023, then its period of true victory will start.",https://bitcoinmagazine.com/culture/my-prediction-bitcoin-will-win-in-2023,https://bitcoinmagazine.com/.image/t_share/MTkzMDI2MTUyOTY3NzA5OTE3/global-hyperbitcoinization.png,2022-12-25T13:00:00Z,"This is an opinion editorial by Obi Nwosu, CEO of Fedi and a board member for ₿trust.
In 2020, I predicted that Bitcoin would face attacks during the 2018 to 2023 period but would ultimately emerge … [+2368 chars]"
31,"{'id': None, 'name': 'Motley Fool'}","newsfeedback@fool.com (Jake Lerch, Justin Pope, and Will Healy)",Stock Market Sell-Off: 3 Stocks to Avoid in 2023,These are three stocks investors should steer clear of in the new year.,https://www.fool.com/investing/2022/12/25/stock-market-sell-off-3-stocks-to-avoid-in-2023/,https://g.foolcdn.com/editorial/images/713929/red-arrow-down-against-hundred-dollar-bills.jpg,2022-12-25T13:00:00Z,"Investing isn't just about picking the right stocks; it's also about avoiding the wrong ones. Big losers can do more than just get under your skin. They can eat away at your returns. What's worse, it… [+5544 chars]"
32,"{'id': None, 'name': 'Vox'}",Izzie Ramirez,9 breakthroughs this year that gave us hope for the future,"From climate to housing, these policy and science wins suggest that 2022 was full of progress.",https://www.vox.com/future-perfect/23517558/policy-science-2022-vaccines-inflation-reduction-act-guaranteed-income,https://cdn.vox-cdn.com/thumbor/8nXveqf_gU18lUV0sLJNbl0N2Xk=/0x215:3000x1786/fit-in/1200x630/cdn.vox-cdn.com/uploads/chorus_asset/file/24303487/fp19.jpg,2022-12-25T13:00:00Z,"From climate to housing, these policy and science wins suggest that 2022 was full of progress. 2022 wasn’t as defined by the coronavirus pandemic as 2020 or 2021, but it was still marred by its fallo… [+18163 chars]"
33,"{'id': 'the-times-of-india', 'name': 'The Times of India'}",AP,China's COVID-19 surge raises odds of new coronavirus mutant,"""China has a population that is very large and there's limited immunity. And that seems to be the setting in which we may see an explosion of a new variant,"" said Dr. Stuart Campbell Ray, an infectious disease expert at Johns Hopkins University.",https://economictimes.indiatimes.com/news/international/world-news/chinas-covid-19-surge-raises-odds-of-new-coronavirus-mutant/articleshow/96498156.cms,"https://img.etimg.com/thumb/msid-96498207,width-1070,height-580,imgsize-81102,overlay-economictimes/photo.jpg",2022-12-25T12:56:06Z,Beijing: Could the COVID-19 surge in China unleash a new coronavirus mutant on the world? Scientists don't know but worry that might happen. It could be similar to omicron variants circulating there … [+3749 chars]
34,"{'id': None, 'name': 'Space Daily'}",,NASA begins construction on asteroid-detecting space telescope,"Washington DC (UPI) Dec 23, 2021


 Construction is set to begin on NASA's Near-Earth Object Surveyor, a space telescope designed to search for hard-to-find comets and asteroids that approach the area near Earth. 
 The NEO Surveyor passed a technical programm…",https://www.spacedaily.com/reports/NASA_begins_construction_on_asteroid-detecting_space_telescope_999.html,https://www.spxdaily.com/images-hg/asteroid-spix-hg.jpg,2022-12-25T12:50:54Z,"Construction is set to begin on NASA's Near-Earth Object Surveyor, a space telescope designed to search for hard-to-find comets and asteroids that approach the area near Earth.
The NEO Surveyor pass… [+2751 chars]"
35,"{'id': 'the-times-of-india', 'name': 'The Times of India'}",ET Spotlight Special,"Oneplus 11 5G images leaked online: Should you wait to buy this, find out here","Oneplus 11 5G images have been leaked online, giving users a sense of how the design looks like. As per reports, it may have a 50MP main back camera and a QHD+ display",https://economictimes.indiatimes.com/news/new-updates/oneplus-11-5g-images-leaked-online-should-you-wait-to-buy-this-find-out-here/articleshow/96497960.cms,"https://img.etimg.com/thumb/msid-96498058,width-1070,height-580,imgsize-20204,overlay-economictimes/photo.jpg",2022-12-25T12:49:37Z,"The upcoming OnePlus 11 smartphone has been generating buzz in the tech world, with various rumours and leaks emerging about its features and specifications. According to recent reports, the device h… [+2790 chars]"
36,"{'id': None, 'name': 'Business Standard'}",Press Trust of India,India needs corporate mandate on R&D: Zoho CEO Sridhar Vembu,"India requires a corporate mandate on Research & Development similar to CSR to promote a technology innovation culture which will help build critical technologies here in the country, Zoho Corporation's founder Sridhar Vembu said.
The Padma Shree awardee and …",https://www.business-standard.com/article/companies/india-needs-corporate-mandate-on-r-d-zoho-ceo-sridhar-vembu-122122500525_1.html,https://bsmedia.business-standard.com/_media/bs/img/article/2019-02/14/full/1550162947-7329.jpg,2022-12-25T12:42:00Z,"India requires a corporate mandate on Research &amp; Development similar to CSR to promote a technology innovation culture which will help build critical technologies here in the country, Zoho Corpor… [+2367 chars]"
37,"{'id': None, 'name': 'iLounge'}",Samantha Wiley,Save $49 on the Apple Watch Series 8,"Apple’s latest flagship smartwatch offers good value for your money. Today, the Apple Watch Series 8 45mm GPS model is down to just $379.99 ... Read more",https://www.ilounge.com/news/apple-watch/save-49-on-the-apple-watch-series-8,https://www.ilounge.com/wp-content/uploads/2022/12/Apple-Watch-3.png,2022-12-25T12:32:34Z,"Apple’s latest flagship smartwatch offers good value for your money. Today, the Apple Watch Series 8 45mm GPS model is down to just $379.99 from its original price of $429 on Amazon.
The Apple Watch… [+677 chars]"
38,"{'id': 'la-repubblica', 'name': 'La Repubblica'}",repubblicawww@repubblica.it (Redazione Repubblica.it),"Firenze Fiera, a marzo la sesta edizione di Didacta dedicata all'innovazione scolastica",Torna alla Fortezza da Basso la rassegna sulla formazione e lo sviluppo digitale della didattica,https://firenze.repubblica.it/cronaca/2022/12/25/news/firenze_fiera_didacata_marzo_2023_fortezza_da_basso_formazione_scuola_innovazione-380650989/,https://www.repstatic.it/content/localirep/img/rep-firenze/2022/12/25/123116618-8b44e5cf-ebc5-4c6d-8fea-2d504b7b1aba.jpg,2022-12-25T12:30:09Z,"Torna alla Fortezza da Basso di Firenze dall'8 al 10 marzo 2023 la sesta edizione di Didacta Italia, l'evento più importante e seguito dedicato alla formazione e all'innovazione scolastica, rivolto a… [+1870 chars]"
39,"{'id': None, 'name': 'Motley Fool'}",newsfeedback@fool.com (James Brumley),2 of 2022's Biggest Losers Could Be 2 of 2023's Biggest Winners,"If you can stomach above-average risk and volatility, two technology stocks are primed to bounce back from underserved sell-offs.",https://www.fool.com/investing/2022/12/25/2022-biggest-losers-could-be-2023-big-winners/,https://g.foolcdn.com/editorial/images/714080/rising-stock-charts.jpg,2022-12-25T12:30:00Z,"It's been a tough year for the broad market. It's been a downright miserable one, however, for a handful of technology stocks that were all the rage in 2021. Economic malaise is on the horizon, and i… [+4665 chars]"
40,"{'id': None, 'name': 'Slashdot.org'}",aglandpartners,Ag land partners LLC,"Address:121 F StWaterford, CA 95386Phone:209-409-4935Farm Management is where Agland Partners began its foundation recognizing the need for absentee landowners and investorsto partner with a comprehensive “hands-on” farming team that can manage its day-to-day…",https://slashdot.org/submission/17087798/ag-land-partners-llc,,2022-12-25T12:27:20Z,"Address:121 F StWaterford, CA 95386Phone:209-409-4935
Farm Management is where Agland Partners began its foundation recognizing the need for absentee landowners and investorsto partner with a compre… [+488 chars]"
41,"{'id': None, 'name': 'Seeking Alpha'}",Friso Alenus,MGM Resorts: Raise Your Bet For 2023,"MGM Resorts' Q3 results are topping pre-pandemic revenues, while the business in China is lagging behind. Read why I consider MGM to outperform in 2023.",https://seekingalpha.com/article/4566363-mgm-resorts-raise-your-bet-2023,https://static.seekingalpha.com/cdn/s3/uploads/getty_images/1136150765/image_1136150765.jpg?io=getty-c-w750,2022-12-25T12:21:39Z,"gionnixxx/iStock Unreleased via Getty Images
Writing about a stock pick of the following year is quite difficult as the time span is short and yet a lot of unpredictable things can happen.
 However… [+8249 chars]"
42,"{'id': 'abc-news', 'name': 'ABC News'}",LAURA UNGAR and ANIRUDDHA GHOSAL Associated Press,China's COVID-19 surge raises odds of new coronavirus mutant,Could the COVID-19 surge in China unleash a new coronavirus mutant on the world,https://abcnews.go.com/Technology/wireStory/chinas-covid-19-surge-spawn-new-coronavirus-mutant-95806198,https://s.abcnews.com/images/US/abc_news_default_2000x2000_update_16x9_992.jpg,2022-12-25T12:20:59Z,"Could the COVID-19 surge in China unleash a new coronavirus mutant on the world?
Scientists dont know but worry that might happen. It could be similar to omicron variants circulating there now. It c… [+3889 chars]"
43,"{'id': None, 'name': 'ActionNewsJax.com'}",LAURA UNGAR and ANIRUDDHA GHOSAL,China's COVID-19 surge raises odds of new coronavirus mutant,Could the COVID-19 surge in China unleash a new coronavirus mutant on the world,https://www.actionnewsjax.com/news/world/chinas-covid-19/E3TYF5MPUMVKEHADPNSNTXGNDY/,https://cmg-cmg-tv-10050-prod.cdn.arcpublishing.com/resizer/Akqm6Znl_zho-uEOXJbcFuAIao8=/1440x810/filters:format(jpg):quality(70)/cloudfront-us-east-1.images.arcpublishing.com/cmg/DHTSMPDQEI6F43URMLXJUCCB6A.jpg,2022-12-25T12:20:30Z,"Could the COVID-19 surge in China unleash a new coronavirus mutant on the world?
Scientists dont know but worry that might happen. It could be similar to omicron variants circulating there now. It c… [+4047 chars]"
44,"{'id': None, 'name': 'Business Standard'}",ANI,Microsoft employee mistakenly leaks new version of Notepad with tabs,"An employee of the American tech giant Microsoft has accidentally announced that Windows 11's Notepad app is getting a tabs feature.According to The Verge, an American technology news website, a photo of a version of Notepad with tabs was shared by the employ…",https://www.business-standard.com/article/technology/microsoft-employee-mistakenly-leaks-new-version-of-notepad-with-tabs-122122500474_1.html,https://bsmedia.business-standard.com/_media/bs/img/article/2021-07/20/full/1626719534-4617.jpg,2022-12-25T12:18:00Z,"An employee of the American tech giant Microsoft has accidentally announced that Windows 11's Notepad app is getting a tabs feature.
According to The Verge, an American technology news website, a ph… [+1463 chars]"
45,"{'id': None, 'name': 'Biztoc.com'}",theguardian.com,Aptamer: the York biotech working on precision cancer treatments,"Inside a science park lab next to the University of York, two clusters of robots are busy moving clear plates with mechanical arms as they screen many millions of molecules. The machines need only 24 hours to complete work that would usually take teams of hum…",https://biztoc.com/x/9057f347ee1e9dd2,https://c.biztoc.com/p/9057f347ee1e9dd2/og.webp,2022-12-25T12:16:05Z,"Inside a science park lab next to the University of York, two clusters of robots are busy moving clear plates with mechanical arms as they screen many millions of molecules. The machines need only 24… [+444 chars]"
46,"{'id': None, 'name': 'iLounge'}",Samantha Wiley,Grab the Latest 5th-Generation iPad Air at $99 Off,"Holiday is in full swing, and today you can buy the amazing iPad Air 5 at an equally amazing price. The 5th generation iPad ... Read more",https://www.ilounge.com/news/ipad/grab-the-latest-5th-generation-ipad-air-at-99-off,https://www.ilounge.com/wp-content/uploads/2022/12/Apple-iPad.png,2022-12-25T12:13:53Z,"Holiday is in full swing, and today you can buy the amazing iPad Air 5 at an equally amazing price. The 5th generation iPad Air with WiFi and 64GB storage is down to just $499.99 from its original pr… [+670 chars]"
47,"{'id': 'associated-press', 'name': 'Associated Press'}",By LAURA UNGAR and ANIRUDDHA GHOSAL - Associated Press,China's COVID-19 surge raises odds of new coronavirus mutant,Could the COVID-19 surge in China unleash a new coronavirus mutant on the world? Scientists don’t know but worry that might happen. It could be similar to omicron variants circulating there now. It could be a combination of strains. Or…,https://apnews.com/306b688d84e31a9462f82d0ead1f4584,https://bloximages.newyork1.vip.townnews.com/roanoke.com/content/tncms/assets/v3/editorial/d/df/ddfc5962-711f-5ce6-bb22-a47ad1b6c029/63a83ed48ac10.image.jpg?crop=1763%2C926%2C0%2C124&resize=1200%2C630&order=crop%2Cresize,2022-12-25T12:12:38Z,"By LAURA UNGAR and ANIRUDDHA GHOSAL - Associated Press
Could the COVID-19 surge in China unleash a new coronavirus mutant on the world?
Scientists dont know but worry that might happen. It could be… [+4180 chars]"
48,"{'id': None, 'name': 'Yahoo Entertainment'}",Simply Wall St,Here's What We Like About Micron Technology's (NASDAQ:MU) Upcoming Dividend,"It looks like Micron Technology, Inc. ( NASDAQ:MU ) is about to go ex-dividend in the next 4 days. The ex-dividend date...",https://finance.yahoo.com/news/heres-micron-technologys-nasdaq-mu-121015884.html,https://media.zenfs.com/en/simply_wall_st__316/18417098744f61302bf9dacf5ce08c74,2022-12-25T12:10:15Z,"It looks like Micron Technology, Inc. (NASDAQ:MU) is about to go ex-dividend in the next 4 days. The ex-dividend date is one business day before the record date, which is the cut-off date for shareho… [+4325 chars]"
49,"{'id': None, 'name': 'seattlepi.com'}","By LAURA UNGAR and ANIRUDDHA GHOSAL, Associated Press",China's COVID-19 surge might spawn a new coronavirus mutant,Could the COVID-19 surge in China unleash a new coronavirus mutant on the world? Scientists don't know but worry that might happen. It could be similar to omicron variants circulating there now. It could be a combination of strains. Or something entirely diff…,https://www.seattlepi.com/news/article/China-s-COVID-19-surge-might-spawn-a-new-17676694.php,https://s.hdnux.com/img/modules/siteheader/brand.png,2022-12-25T12:09:55Z,"FILE - Masked commuters walk through a walkway in between two subway stations as they head to work during the morning rush hour in Beijing, Tuesday, Dec. 20, 2022. China continues to adapt to an easi… [+4669 chars]"
50,"{'id': None, 'name': 'CNA'}",,"China must raise self-reliance in agricultural technology, says President Xi Jinping","BEIJING: President Xi Jinping wants China to accelerate efforts to achieve self-reliance in agricultural technology, identifying seed development and core equipment among areas to focus on, state media reported. The central leadership had said in 2020 that th…",https://www.channelnewsasia.com/asia/china-must-raise-self-reliance-agricultural-technology-says-president-xi-jinping-3167546,"https://onecms-res.cloudinary.com/image/upload/s--i7HD1yUO--/fl_relative,g_south_east,l_one-cms:core:watermark:ap_data-1,w_0.1/f_auto,q_auto/c_fill,g_auto,h_676,w_1200/v1/one-cms/core/ye_2022_notebook_chinas_challenges_56014.jpg?itok=D_SL-Op7",2022-12-25T12:09:00Z,"BEIJING: President Xi Jinping wants China to accelerate efforts to achieve self-reliance in agricultural technology, identifying seed development and core equipment among areas to focus on, state med… [+946 chars]"
51,"{'id': None, 'name': 'Biztoc.com'}",wsj.com,"Sensor Tower: Pinduoduo's marketplace Temu gained 10.8M installations in the US since Sep. 1, and became the most downloaded US app between Nov. 1 and Dec. 14","As inflation and recession concerns squeeze American consumers, many are turning to a new mobile app with Chinese roots. Online shopping site Temu has soared in popularity in the U.S. since its launch in September. The rapid growth of the site, which sells ul…",https://biztoc.com/x/2b8221c40c008c5b,https://c.biztoc.com/p/2b8221c40c008c5b/og.webp,2022-12-25T12:08:06Z,"As inflation and recession concerns squeeze American consumers, many are turning to a new mobile app with Chinese roots.
Online shopping site Temu has soared in popularity in the U.S. since its laun… [+313 chars]"
52,"{'id': None, 'name': 'FX Empire'}",Reuters,"China must raise self-reliance in agricultural technology, Xi says","BEIJING (Reuters) -   President Xi Jinping wants China to accelerate efforts to achieve self-reliance in agricultural technology, identifying seed development and core equipment among areas to focus on, state media reported.",https://www.fxempire.com/news/article/china-must-raise-self-reliance-in-agricultural-technology-xi-says-1239823,https://responsive.fxempire.com/width/600/webp-lossy-70.q50/_fxempire_/2022/12/tagreuters.com2022newsml_LYNXMPEIBO0231.jpg,2022-12-25T12:06:59Z,"It is necessary to keep an eye on the frontiers of the worlds agricultural science and technology, the official Xinhua news agency quoted Xi as saying at the central rural work conference held in Bei… [+619 chars]"
53,"{'id': None, 'name': 'Toronto Star'}",Laura Ungar And Aniruddha Ghosal - The Associated Press,China’s COVID-19 surge raises odds of new coronavirus mutant,Could the COVID-19 surge in China unleash a new coronavirus mutant on the world?,https://www.thestar.com/news/world/2022/12/25/chinas-covid-19-surge-might-spawn-a-new-coronavirus-mutant.html,https://images.thestar.com/Al_UH_SgnhLRg-8VhfFwcYHRcMY=/1280x1024/smart/filters:cb(1671970636935):format(webp)/https://www.thestar.com/content/dam/thestar/news/world/2022/12/25/chinas-covid-19-surge-raises-odds-of-new-coronavirus-mutant/2022122507124-63a83cb6821cf083b82f8481jpeg.jpg,2022-12-25T12:06:22Z,"Could the COVID-19 surge in China unleash a new coronavirus mutant on the world?
Scientists dont know but worry that might happen. It could be similar to omicron variants circulating there now. It c… [+4224 chars]"
54,"{'id': None, 'name': 'WSLS 10'}","Laura Ungar And Aniruddha Ghosal, Associated Press",China's COVID-19 surge might spawn a new coronavirus mutant,Could the COVID-19 surge in China unleash a new coronavirus mutant on the world.,https://www.wsls.com/news/world/2022/12/25/chinas-covid-19-surge-might-spawn-a-new-coronavirus-mutant/,"https://res.cloudinary.com/graham-media-group/image/upload/f_auto/q_auto/c_thumb,w_700/v1/media/gmg/RKCAUFJDHBHLBOHMMEQACSRXHU.jpg?_a=ATO2Bfe0",2022-12-25T12:04:53Z,"Could the COVID-19 surge in China unleash a new coronavirus mutant on the world?
Scientists dont know but worry that might happen. It could be similar to omicron variants circulating there now. It c… [+4053 chars]"
55,"{'id': 'independent', 'name': 'Independent'}",Laura Ungar and Aniruddha Ghosal,China's COVID-19 surge might spawn a new coronavirus mutant,Could the COVID-19 surge in China unleash a new coronavirus mutant on the world,https://www.independent.co.uk/news/china-ap-covid-scientists-experts-b2251300.html,https://static.independent.co.uk/2022/12/25/12/Virus_Outbreak_China_Variants_10750.jpg?quality=75&width=1200&auto=webp,2022-12-25T12:04:53Z,"For free real time breaking news alerts sent straight to your inbox sign up to our breaking news emails
Sign up to our free breaking news emails
Could the COVID-19 surge in China unleash a new coro… [+4046 chars]"
56,"{'id': None, 'name': 'Yahoo Entertainment'}",LAURA UNGAR and ANIRUDDHA GHOSAL,China's COVID-19 surge raises odds of new coronavirus mutant,"Could the COVID-19 surge in China unleash a new coronavirus mutant on the world?  Every new infection offers a chance for the coronavirus to mutate, and the ...",https://news.yahoo.com/chinas-covid-19-surge-might-120452329.html,https://s.yimg.com/ny/api/res/1.2/ropnx..lKXG8wUGb8yolwg--/YXBwaWQ9aGlnaGxhbmRlcjt3PTEyMDA7aD04MDA-/https://media.zenfs.com/en/ap.org/abe01a941a4faf88b4f2f2f7a34f5a55,2022-12-25T12:04:52Z,"Could the COVID-19 surge in China unleash a new coronavirus mutant on the world?
Scientists dont know but worry that might happen. It could be similar to omicron variants circulating there now. It c… [+3894 chars]"
57,"{'id': 'the-times-of-india', 'name': 'The Times of India'}",Reuters,China must raise self-reliance in agricultural technology: Xi Jinping,"The President urged China's agricultural sector to ""vigourously improve"" its science and technology, with more efficient innovation. Xi urged the sector to address issues with innovation, such as the rate of conversion into commercial applications and a lack …",https://economictimes.indiatimes.com/news/international/world-news/china-must-raise-self-reliance-in-agricultural-technology-xi-jinping/articleshow/96497345.cms,"https://img.etimg.com/thumb/msid-96497367,width-1070,height-580,imgsize-19954,overlay-economictimes/photo.jpg",2022-12-25T12:04:14Z,"President Xi Jinping wants China to accelerate efforts to achieve self-reliance in agricultural technology, identifying seed development and core equipment among areas to focus on, state media report… [+1032 chars]"
58,"{'id': None, 'name': 'Business Standard'}",Press Trust of India,Sensex navigates geopolitical gyrations to outshine global peers,"After a two-year liquidity-fuelled bull run, the BSE Sensex faced its moment of reckoning in 2022 as Russia marched into Ukraine, the US Federal Reserve came out all guns blazing in its war against inflation and a cataclysm engulfed global financial markets.
…",https://www.business-standard.com/article/markets/sensex-navigates-geopolitical-gyrations-to-outshine-global-peers-122122500494_1.html,https://bsmedia.business-standard.com/_media/bs/img/article/2022-12/16/full/1671165580-2522.jpg,2022-12-25T12:04:00Z,"After a two-year liquidity-fuelled bull run, the BSE Sensex faced its moment of reckoning in 2022 as Russia marched into Ukraine, the US Federal Reserve came out all guns blazing in its war against i… [+6771 chars]"
59,"{'id': None, 'name': 'Forbes'}","Paul Iddon, Contributor, 
 Paul Iddon, Contributor
 https://www.forbes.com/sites/pauliddon/",'Knocking Down' Ukraine's Patriot Battery Would Give Russia A Much-Needed Propaganda Coup,Such an attempt could succeed for one primary reason.,https://www.forbes.com/sites/pauliddon/2022/12/25/knocking-down-ukraines-patriot-battery-would-give-russia-a-much-needed-propaganda-coup/,https://imageio.forbes.com/specials-images/imageserve/63a71f1e59cd91ad131d7c75/0x0.jpg?format=jpg&width=1200,2022-12-25T12:00:35Z,Russian President Vladimir Putin has declared Russia will destroy the MIM-104 Patriot air defense missile system the United States is delivering to Ukraine. Striking the single most advanced system t… [+5760 chars]
60,"{'id': None, 'name': 'Rigzone'}",Bloomberg News,Soaring China Covid Cases Push Economic Activity Off a Cliff,China's soaring Covid infections are keeping people home.,https://www.rigzone.com/news/wire/soaring_china_covid_cases_push_economic_activity_off_a_cliff-25-dec-2022-171509-article/,https://images.rigzone.com/images/news/articles/Soaring-China-Covid-Cases-Push-Economic-Activity-Off-a-Cliff-171509-582x327.png,2022-12-25T12:00:01Z,"China’s soaring Covid infections are keeping people home and causing a slump in travel and economic activity, according to the latest high-frequency data.
Following the recent abrupt end to Covid Ze… [+4240 chars]"
61,"{'id': None, 'name': 'CNBC'}",TipRanks.com Staff,Top Wall Street analysts say buy these stocks in a challenging 2023,"TipRanks analyst ranking service pinpoints Wall Street's best-performing stocks, including Amazon and Costco.",https://www.cnbc.com/2022/12/25/top-analysts-say-buy-costco-amazon-in-2023.html,https://image.cnbcfm.com/api/v1/image/106428862-1583499472194rts3427o.jpg?v=1671973201&w=1920&h=1080,2022-12-25T12:00:01Z,"Shoppers line up outside a Costco to buy supplies after the Hawaii Department of Health on Wednesday advised residents they should stock up on a 14-day supply of food, water and other necessities for… [+6402 chars]"
62,"{'id': None, 'name': 'The Guardian'}",Julia Kollewe,Aptamer: the York biotech working on precision cancer treatments,"UK firm links with up global drug firms to make synthetic antibodies capable of binding to targets such as tumour cellsInside a science park lab next to the University of York, two clusters of robots are busy moving clear plates with mechanical arms as they s…",https://www.theguardian.com/business/2022/dec/25/aptamer-york-biotech-cancer-treatments,https://i.guim.co.uk/img/media/c432d7fd0efbb0e3e3f54a59ca1643f5182c7ea7/0_0_7997_4798/master/7997.jpg?width=1200&height=630&quality=85&auto=format&fit=crop&overlay-align=bottom%2Cleft&overlay-width=100p&overlay-base64=L2ltZy9zdGF0aWMvb3ZlcmxheXMvdGctZGVmYXVsdC5wbmc&enable=upscale&s=1785cefc75c548383a8eb88deaa7dfb6,2022-12-25T12:00:00Z,"Inside a science park lab next to the University of York, two clusters of robots are busy moving clear plates with mechanical arms as they screen many millions of molecules. The machines need only 24… [+7600 chars]"
63,"{'id': None, 'name': 'Forbes'}",Gene Marks,Your Best Chromebook Deals…And Other Small Business Tech News This Week - Forbes,"Chomebook deals, Apple productivity hacks and whether or not Mastodon is right for your business makes up this week's small business technology news.",https://www.forbes.com/sites/quickerbettertech/2022/12/25/your-best-chromebook-dealsand-other-small-business-tech-news-this-week/,https://imageio.forbes.com/specials-images/imageserve/63a5aae912182b0d0fcc7317/0x0.jpg?format=jpg&width=1200,2022-12-25T12:00:00Z,(Photo by Smith Collection/Gado/Getty Images)
64,"{'id': None, 'name': 'Washington Examiner'}",Sarah Westwood,Republicans divided on fight to take on Big Tech - Washington Examiner,Most Republicans readily agree they should use their forthcoming House majority to take on the so-called Big Tech companies that dominate everything from social media to online shopping.,https://www.washingtonexaminer.com/policy/technology/fight-big-tech-threatens-divide-republicans,https://mediadc.brightspotcdn.com/dims4/default/11bced2/2147483647/strip/true/crop/2290x1202+0+64/resize/1200x630!/quality/90/?url=http%3A%2F%2Fmediadc-brightspot.s3.amazonaws.com%2F28%2Fcc%2Ff2d5fc2340c89f1bf6a3fbd4ed0e%2Fjosh-hawley.jpg,2022-12-25T12:00:00Z,"Most Republicans readily agree they should use their forthcoming House majority to take on the so-called Big Tech companies that dominate everything from social media to online shopping. 
But many d… [+5287 chars]"
65,"{'id': None, 'name': 'Enjoythemusic.com'}",,Casual Reactions By Herb Reichert,"Reckon me this Sound Practices readers. ""Who in world of audio fringe persons am I writing for?"" The editor is not deep into market research and Joyce just says they get letters from a ""broad spectrum"". So who in audio hell is reading this and what are they r…",https://www.enjoythemusic.com/magazine/sound_practices/10/casual_reactions.htm,,2022-12-25T11:59:58Z,"Casual Reactions
Who made me? Everybody's talking... I think it is art.Article By Herb Reichert, Audio Note
NYCFrom Sound Practices Issue 10, Winter 1995
Who Made Me?Reckon me this
 Sound Practic… [+8817 chars]"
66,"{'id': None, 'name': 'Marketscreener.com'}",MarketScreener,"China must raise self-reliance in agricultural technology, Xi says","(marketscreener.com) President Xi Jinping wants China to accelerate efforts to achieve self-reliance in agricultural technology, identifying seed development and core equipment among areas to focus on, state media reported.https://www.marketscreener.com/news/…",https://www.marketscreener.com/news/latest/China-must-raise-self-reliance-in-agricultural-technology-Xi-says--42618475/?utm_medium=RSS&utm_content=20221225,https://img.zonebourse.com/reuters/2022-12/2022-12-15T212709Z_1_LYNXMPEIBE13L_RTROPTP_3_CHINA-SAUDI-ARABS.JPG,2022-12-25T11:57:02Z,"The central leadership had said in 2020 that the country's seed industry was a weak link in the food chain and needed to make better use of science and technology to achieve a turnaround. 
""It is ne… [+815 chars]"
67,"{'id': None, 'name': 'Yahoo Entertainment'}",Reuters,"China must raise self-reliance in agricultural technology, Xi says","President Xi Jinping wants China to accelerate efforts to achieve self-reliance in agricultural technology, identifying seed development and core equipment...",https://news.yahoo.com/china-must-raise-self-reliance-115702182.html,https://media.zenfs.com/en/reuters.com/b07796d00464482386c9791d2a18e046,2022-12-25T11:57:02Z,"BEIJING (Reuters) - President Xi Jinping wants China to accelerate efforts to achieve self-reliance in agricultural technology, identifying seed development and core equipment among areas to focus on… [+1037 chars]"
68,"{'id': None, 'name': 'Business Standard'}",Press Trust of India,Mixed bag of job opportunities await aspirants in 2023; skills in spotlight,"A mixed bag of opportunities is likely to greet job aspirants in the New Year as telecom and services-oriented sectors are anticipated to accelerate hiring after recent gloomy months of pink slips in the technology segment amid global economic turmoil.
Short-…",https://www.business-standard.com/article/jobs/mixed-bag-of-job-opportunities-await-aspirants-in-2023-skills-in-spotlight-122122500435_1.html,https://bsmedia.business-standard.com/_media/bs/img/article/2022-07/03/full/1656867405-8526.jpg,2022-12-25T11:57:00Z,A mixed bag of opportunities is likely to greet job aspirants in the New Year as telecom and services-oriented sectors are anticipated to accelerate hiring after recent gloomy months of pink slips in… [+4820 chars]
69,"{'id': 'reuters', 'name': 'Reuters'}",,"China must raise self-reliance in agricultural technology, Xi says - Reuters","President Xi Jinping wants China to accelerate efforts to achieve self-reliance in agricultural technology, identifying seed development and core equipment among areas to focus on, state media reported.",https://www.reuters.com/world/china/china-must-raise-self-reliance-agricultural-technology-xi-says-2022-12-25/,https://www.reuters.com/resizer/ed5INC9GgS1_5P1yiItra2AjSwg=/1200x628/smart/filters:quality(80)/cloudfront-us-east-2.images.arcpublishing.com/reuters/UBUKKBGE45OIJJD3JDAYCK2RX4.jpg,2022-12-25T11:57:00Z,"BEIJING, Dec 25 (Reuters) - President Xi Jinping wants China to accelerate efforts to achieve self-reliance in agricultural technology, identifying seed development and core equipment among areas to … [+1097 chars]"
70,"{'id': None, 'name': 'Yugatech.com'}",Randolph Novino,Watch: Top Foldable Smartphones in the Philippines 2022,"Are you on the hunt for the ultimate in mobile convenience and versatility? The cutting-edge devices that offer the best of both worlds by...
The post Watch: Top Foldable Smartphones in the Philippines 2022 appeared first on YugaTech | Philippines Tech News &…",https://www.yugatech.com/video/watch-top-foldable-smartphones-in-the-philippines-2022/,https://www.yugatech.com/wp-content/uploads/2022/12/fldable-smartphones-in-the-philippines-2022.jpg,2022-12-25T11:56:24Z,Are you on the hunt for the ultimate in mobile convenience and versatility? The cutting-edge devices that offer the best of both worlds by combining the portability of a smartphone with the expansive… [+405 chars]
71,"{'id': None, 'name': 'Nakedcapitalism.com'}",Conor Gallagher,Links 12/25/2022,"Our daily links, including Covid in China, the latest from Ukraine, and more Twitter files.",https://www.nakedcapitalism.com/2022/12/links-12-25-2022.html,https://www.nakedcapitalism.com/wp-content/uploads/2022/12/E9891235-3E82-4184-9036-7DBC4441B8A5-300x205.jpeg,2022-12-25T11:55:07Z,"Nearly 10,000 flights have been canceled or delayed so far this holiday weekend due to severe weather. Here are the 5 cities most plagued by delays and cancellations at the airport Business Insider
… [+6019 chars]"
72,"{'id': None, 'name': 'FX Empire'}",Reuters,Israel regulator awards licence to investors to set up new digital bank,"JERUSALEM (Reuters) -   Israel&#039;s banking regulator on Sunday approved a conditional licence and control permit to a group of entrepreneurs to establish a new online bank, the second addition to the highly concentrated banking sector in three years.",https://www.fxempire.com/news/article/israel-regulator-awards-licence-to-investors-to-set-up-new-digital-bank-1239815,https://responsive.fxempire.com/width/600/webp-lossy-70.q50/_fxempire_/2022/12/tagreuters.com2022newsml_LYNXMPEIBO01W1.jpg,2022-12-25T11:51:59Z,"The approvals, it said, will allow the founders to move forward and complete the mechanical, operational and regulatory preparations required for the start of the banks activities.
These include com… [+964 chars]"
73,"{'id': None, 'name': 'Zive.cz'}",Jiří Vojáček,Co je Darkstar. Skutečný příběh hypersonického letadla z úvodu filmu Top Gun: Maverick,"Darkstar je jen maketa, nelétá. • Stojí za jím Lockheed Martin a konstruktéři skutečných letadel.
• Lockheed takto ukazuje směr vývoje hypersonických technologií.",https://vtm.zive.cz/clanky/co-je-darkstar-skutecny-pribeh-hypersonickeho-letadla-z-uvodu-filmu-top-gun-maverick/sc-870-a-219676/default.aspx,https://www.zive.cz/getthumbnail.aspx?q=100&height=20000&width=20000&id_file=426060010,2022-12-25T11:45:00Z,"Darkstar vytvoil jeden z nejvtích výrobc bojových letoun na svt, americká spolenost Lockheed Martin (v esku aktuáln známá tím, e naí armád nabízí letouny F-35). Firma se k autorství hrd pihlásila ani… [+4922 chars]"
74,"{'id': None, 'name': 'Investing.com'}",Reuters,Israel regulator awards licence to investors to set up new digital bank,Israel regulator awards licence to investors to set up new digital bank,https://www.investing.com/news/economy/israel-regulator-awards-licence-to-investors-to-set-up-new-digital-bank-2970036,https://i-invdn-com.investing.com/news/indicatornews_5_800x533_L_1412601619.jpg,2022-12-25T11:40:30Z,"JERUSALEM (Reuters) - Israel's banking regulator on Sunday approved a conditional licence and control permit to a group of entrepreneurs to establish a new online bank, the second addition to the hig… [+1301 chars]"
75,"{'id': None, 'name': 'Longview News-Journal'}",,"Business Digest: Dec. 28, 2022 | Local | news-journal.com - Longview News-Journal","The latest news on new hires, job changes, promotions, awards and more among Longview-area businesses",https://www.news-journal.com/news/business/local/business-digest-dec-28-2022/article_45b38f70-82db-11ed-9f98-8b575816cbe9.html,https://bloximages.newyork1.vip.townnews.com/news-journal.com/content/tncms/assets/v3/editorial/4/64/464334fe-82e0-11ed-995a-17a8a1ce18f3/63a629722a1e8.image.jpg?crop=607%2C319%2C0%2C301&resize=607%2C319&order=crop%2Cresize,2022-12-25T11:40:00Z,"Christus announces ambulance upgrades
Christus Health has upgraded all its ground ambulance units serving the 12-county area with new life-saving technology, the health system announced.
The additi… [+8728 chars]"
76,"{'id': None, 'name': 'Yahoo Entertainment'}",Reuters,Israel regulator awards licence to investors to set up new digital bank,"Israel's banking regulator on Sunday approved a conditional licence and control permit to a group of entrepreneurs to establish a new online bank, the second...",https://finance.yahoo.com/news/israel-regulator-awards-licence-investors-113726999.html,https://media.zenfs.com/en/reuters-finance.com/d8263eeac2d8ddb6f6947283fa1c994f,2022-12-25T11:37:26Z,"JERUSALEM (Reuters) - Israel's banking regulator on Sunday approved a conditional licence and control permit to a group of entrepreneurs to establish a new online bank, the second addition to the hig… [+1359 chars]"
77,"{'id': None, 'name': 'CNA'}",,Israel regulator awards licence to investors to set up new digital bank,"JERUSALEM : Israel's banking regulator on Sunday approved a conditional licence and control permit to a group of entrepreneurs to establish a new online bank, the second addition to the highly concentrated banking sector in three years.The Bank of Israel said…",https://www.channelnewsasia.com/business/israel-regulator-awards-licence-investors-set-new-digital-bank-3167521,"https://onecms-res.cloudinary.com/image/upload/s--TKCV8nr9--/fl_relative,g_south_east,l_one-cms:core:watermark:reuters,w_0.1/f_auto,q_auto/c_fill,g_auto,h_676,w_1200/v1/one-cms/core/2022-12-25t113726z_1_lynxmpeibo01w_rtroptp_3_cenbank-israel-rates-minutes.jpg?itok=bo6J3tiY",2022-12-25T11:37:26Z,"JERUSALEM : Israel's banking regulator on Sunday approved a conditional licence and control permit to a group of entrepreneurs to establish a new online bank, the second addition to the highly concen… [+1291 chars]"
78,"{'id': 'reuters', 'name': 'Reuters'}",,Israel regulator awards licence to investors to set up new digital bank - Reuters,"Israel's banking regulator on Sunday approved a conditional licence and control permit to a group of entrepreneurs to establish a new online bank, the second addition to the highly concentrated banking sector in three years.",https://www.reuters.com/technology/israel-regulator-awards-licence-investors-set-up-new-digital-bank-2022-12-25/,https://www.reuters.com/resizer/1_nPHmUFqvUszaRd3kv4aMEhLU4=/1200x628/smart/filters:quality(80)/cloudfront-us-east-2.images.arcpublishing.com/reuters/XF3SVBEB6NKQHCVNCNE654UK24.jpg,2022-12-25T11:37:00Z,"JERUSALEM, Dec 25 (Reuters) - Israel's banking regulator on Sunday approved a conditional licence and control permit to a group of entrepreneurs to establish a new online bank, the second addition to… [+1420 chars]"
79,"{'id': None, 'name': 'Livemint'}",WSJ,Six ways to protect your money in 2023,Ready for the possibility of more economic chaos in the New Year? Here are some simple steps you can take now,https://www.livemint.com/money/personal-finance/six-ways-to-protect-your-money-in-2023-11671967421443.html,https://images.livemint.com/img/2022/12/25/600x338/banks_1671967792582_1671967792708_1671967792708.JPG,2022-12-25T11:30:51Z,"The highest inflation in four decades. A bear market in stocks. Fears of a recession. A crypto implosion. The past year was a trying one for American households. It strained their budgets, reduced th… [+12945 chars]"
80,"{'id': None, 'name': 'Royalsblue.com'}",,"Android 13 will come ""bundled"" with the Windows 11 operating ... - Royals Blue","Promised since the debut of the Windows 11 operating system, support for using Android apps was added much later, in the form of an update that installs an",https://www.royalsblue.com/android-13-will-come-bundled-with-the-windows-11-operating-system-making-it-easier-to-use-mobile-apps-on-your-pc/,https://www.royalsblue.com/wp-content/uploads/2022/12/Android-13-will-come-bundled-with-the-Windows-11-operating.jpg,2022-12-25T11:30:17Z,"Promised since the debut of the Windows 11 operating system, support for using Android apps was added much later, in the form of an update that installs an Android 12 kernel right into the Windows ke… [+1567 chars]"
81,"{'id': None, 'name': 'wknd.'}",Somshankar Bandyopadhyay,UAE facilities management sector likely to grow 10% next year - wknd.,"Digital transformation will be key for industry to move forward, expert says",https://www.khaleejtimes.com/business/uae-facilities-management-sector-likely-to-grow-10-next-year,https://image.khaleejtimes.com?uuid=51322185-f966-5050-aa47-9a77a90ae313&function=cropresize&type=preview&source=false&q=75&crop_w=0.99999&crop_h=0.37469&width=1200&height=675&x=1.0E-5&y=0.08243,2022-12-25T11:24:57Z,"Digital transformation will be key for industry to move forward, expert says
The UAEs facilities management (FM) industry is expected to growth 10 per cent in 2023, as t
rends shift in favour of di… [+3265 chars]"
82,"{'id': None, 'name': 'Marketscreener.com'}",MarketScreener,Israel regulator awards licence to investors to set up new digital bank,"(marketscreener.com) Israel's banking regulator
on Sunday approved a conditional licence and control permit to a
group of entrepreneurs to establish a new online bank, the
second addition to the highly concentrated banking sector in
three years.
 The Bank of …",https://www.marketscreener.com/quote/currency/EURO-ISRAELI-NEW-SHEKEL-2363784/news/Israel-regulator-awards-licence-to-investors-to-set-up-new-digital-bank-42618466/?utm_medium=RSS&utm_content=20221225,https://img.zonebourse.com/reuters/2022-01/2022-01-02T100233Z_1_LYNXMPEI0102F_RTROPTP_3_CENBANK-ISRAEL-RATES-MINUTES.JPG,2022-12-25T11:21:05Z,"The Bank of Israel said its banking supervision department had completed the inspection process for the new institution named Esh Bank Israel.
The approvals, it said, will allow the founders to move… [+1114 chars]"
83,"{'id': None, 'name': 'Zawya.com'}",,Ooredoo business and Cisco hold a workshop on the latest SMB solutions - ZAWYA,As part of Ooredoo’s business efforts to assist it’s small and medium enterprise customers to increase their awareness and knowledge,https://www.zawya.com/en/press-release/events-and-conferences/ooredoo-business-and-cisco-hold-a-workshop-on-the-latest-smb-solutions-bsl046xf,https://static.zawya.com/version/c:NjlhYTEwZWYtNDVjMy00:YWI2YWYw/sulaimanal-houmoud-jpg.webp?f=3%3A2,2022-12-25T11:17:14Z,"Kuwait City, Kuwait: Ooredoo business, the trusted technology partner for all business solutions, in collaboration with Cisco held an interactive workshop to shed light on the latest trends and pract… [+1728 chars]"
84,"{'id': None, 'name': 'Los Angeles Times'}",,10 Californians tell us what brought them comfort and joy in 2022,"It has been (another) hard year. But comfort was found, through a song, a moment with family or a view of the stars, as these 10 Californians share.",https://www.latimes.com/opinion/story/2022-12-25/californians-comfort-joy-2022,https://ca-times.brightspotcdn.com/dims4/default/f53f159/2147483647/strip/true/crop/3000x1575+0+213/resize/1200x630!/quality/80/?url=https%3A%2F%2Fcalifornia-times-brightspot.s3.amazonaws.com%2F12%2F3c%2F70c4393a42809fcd94bd32e63150%2Fla-oe-orliss-comfort-lead.jpg,2022-12-25T11:14:41Z,"We asked some prominent Californians to share somethingthat brought them comfort during this challenging year. Their answers remind us that while difficulties cant be ignored, there are moments of jo… [+8731 chars]"
85,"{'id': 'the-times-of-india', 'name': 'The Times of India'}",PTI,"Sensex navigates geopolitical gyrations, Fed fusillades to outshine global peers in 'year of polycrisis'","By Abhishek Mukherjee  New Delhi, Dec 25 (PTI) After a two-year liquidity-fuelled bull run, the BSE Sensex faced its moment of reckoning in 2022 as Russia marched into Ukraine, the US Federal Reserve came out all guns blazing in its war against inflation and …",https://economictimes.indiatimes.com/markets/stocks/news/sensex-navigates-geopolitical-gyrations-fed-fusillades-to-outshine-global-peers-in-year-of-polycrisis/articleshow/96496499.cms,"https://img.etimg.com/thumb/msid-96496579,width-1070,height-580,imgsize-22678,overlay-etmarkets/photo.jpg",2022-12-25T11:10:02Z,"By Abhishek Mukherjee New Delhi, Dec 25 (PTI) After a two-year liquidity-fuelled bull run, the BSE Sensex faced its moment of reckoning in 2022 as Russia marched into Ukraine, the US Federal Reserve … [+6706 chars]"
86,"{'id': None, 'name': 'The Japan Times'}",No Author,Japan medical bodies aim to develop tailored drugs to treat rare diseases,Japanese researchers plan to develop tailored drugs and treatments for patients with extremely rare diseases.,https://www.japantimes.co.jp/news/2022/12/25/national/science-health/japan-rare-diseases/,https://cdn-japantimes.com/wp-content/uploads/2022/12/np_file_201674-870x489.jpeg,2022-12-25T11:05:43Z,"Two Japanese medical institutions are planning to develop tailored drugs for patients with genetic disorders in the hope of finding treatment for extremely rare diseases, a leading project member sai… [+983 chars]"
87,"{'id': None, 'name': 'Business Standard'}",Press Trust of India,DPIIT seeks views of ministries on draft national retail trade policy,"The Department for Promotion of Industry and Internal Trade (DPIIT) has sought the views of 16 departments and ministries on its draft national retail trade policy, which is aimed at the overall development of all formats of the sector, an official said.
Afte…",https://www.business-standard.com/article/economy-policy/dpiit-seeks-views-of-ministries-on-draft-national-retail-trade-policy-122122500467_1.html,https://bsmedia.business-standard.com/_media/bs/img/article/2022-12/14/full/1671004682-3465.jpg,2022-12-25T11:04:00Z,"The Department for Promotion of Industry and Internal Trade (DPIIT) has sought the views of 16 departments and ministries on its draft national retail trade policy, which is aimed at the overall deve… [+1696 chars]"
88,"{'id': None, 'name': 'Boston Herald'}",Tom Mulherin,Camden Burrows leads the way,"The sports icons that made the cut for Whitman-Hanson senior Camden Burrows to hang their pictures or jerseys on his bedroom walls weren’t exactly a select few. Camden, a three-year starting quarterback and first man off the bench for the Panthers’ basketball…",https://www.bostonherald.com/2022/12/25/camden-burrows-leads-the-way/,https://www.bostonherald.com/wp-content/uploads/2022/12/BURROWSsc002.jpg?w=1024&h=683,2022-12-25T11:02:49Z,"The sports icons that made the cut for Whitman-Hanson senior Camden Burrows to hang their pictures or jerseys on his bedroom walls weren’t exactly a select few.
Camden, a three-year starting quarter… [+5562 chars]"
89,"{'id': None, 'name': 'Protothema.gr'}",Newsroom,Metropolitan Cleopas of Sweden’s Episcopal Encyclical for the Lord’s Nativity 2022,"""We would be calm, peaceful, balanced, and happy, experiencing the presence of God in our daily life""",https://en.protothema.gr/metropolitan-cleopas-of-swedens-episcopal-encyclical-for-the-lords-nativity-2022/,https://en.protothema.gr/wp-content/uploads/2022/12/ch-150x150.png,2022-12-25T11:00:55Z,"Honorable Officials and Community Leaders,
Reverend Clergy,
Beloved Members and Friends of the Holy Metropolis of Sweden and All Scandinavia,
In todays day and age, humanity has achieved so much t… [+3324 chars]"
90,"{'id': None, 'name': 'Gothamist'}",Rebecca Redelmeier,"NYC auto thefts reach 16-year high, mirroring nationwide trend","Jonathan Berenguer stands in front of Lehman College in the Bronx, where his car was stolen in September.
 

Experts say one reason for the rise might be high prices on used cars and parts. [ more › ]",https://gothamist.com/news/nyc-auto-thefts-reach-16-year-high-mirroring-nationwide-trend,https://cms.prod.nypr.digital/images/335599/fill-1200x650|format-jpeg|jpegquality-85,2022-12-25T11:00:45Z,"In a year when many types of crime have risen in New York City, none has spiked more than car theft.
As of Dec. 18, over 13,000 cars had been stolen in the city this year. That's a 32% jump compared… [+3863 chars]"
91,"{'id': None, 'name': 'Yahoo Entertainment'}",Simply Wall St,"Possible bearish signals as Analog Devices, Inc. (NASDAQ:ADI) insiders disposed of US$5.5m worth of stock","The fact that multiple Analog Devices, Inc. ( NASDAQ:ADI ) insiders offloaded a considerable amount of shares over the...",https://finance.yahoo.com/news/possible-bearish-signals-analog-devices-110040435.html,https://media.zenfs.com/en/simply_wall_st__316/1d618ff9ab875bb9b8cc70f749d1f2d0,2022-12-25T11:00:40Z,"The fact that multiple Analog Devices, Inc. (NASDAQ:ADI) insiders offloaded a considerable amount of shares over the past year could have raised some eyebrows amongst investors. When analyzing inside… [+4258 chars]"
92,"{'id': None, 'name': 'Eastasiaforum.org'}",Gary Hufbauer,The travails of the US economy roll on into 2023,"Author: Gary Clyde Hufbauer, PIIE In December 2021, most Americans were looking forward to a quiet and prosperous 2022. COVID-19 cases were down, the stock market was up and jobs were abundant. What could go wrong? Many things did. Geopolitical trauma came fi…",https://www.eastasiaforum.org/2022/12/25/the-travails-of-the-us-economy-roll-on-into-2023/,https://www.eastasiaforum.org/wp-content/uploads/2022/12/2022-10-26T152949Z_1368699331_RC239X9DVFT2_RTRMADP_3_USA-BIDEN-ECONOMY-scaled.jpg,2022-12-25T11:00:31Z,"Author: Gary Clyde Hufbauer, PIIE
In December 2021, most Americans were looking forward to a quiet and prosperous 2022. COVID-19 cases were down, the stock market was up and jobs were abundant. What… [+5589 chars]"
93,"{'id': None, 'name': 'The Guardian'}",John Harris,In 2022 we needed ways to connect with ourselves: thank God for the guitar | John Harris,"The democratic magic of six strings, two hands and an electric current – a means of self-expression as perfect as it has ever beenIn the world of music, two of this year’s seemingly endless losses happened within a fortnight of each other. Both led to outpour…",https://www.theguardian.com/commentisfree/2022/dec/25/2022-guitar-god--six-strings-electric-self-expression,https://i.guim.co.uk/img/media/453f9fbe6338da5bc68208724cdc7397e7c5d1ef/0_0_2560_1536/master/2560.jpg?width=1200&height=630&quality=85&auto=format&fit=crop&overlay-align=bottom%2Cleft&overlay-width=100p&overlay-base64=L2ltZy9zdGF0aWMvb3ZlcmxheXMvdGctb3BpbmlvbnMucG5n&enable=upscale&s=ca20e3f373b95eb8d7765124e138eb0b,2022-12-25T11:00:04Z,"In the world of music, two of this years seemingly endless losses happened within a fortnight of each other. Both led to outpouringsof appreciation and reminiscence centred on an invention that is he… [+7176 chars]"
94,"{'id': None, 'name': 'International Business Times'}",Dr. Hossein Saiedian,Iranians Students Day: A Turning Point 70 Years Ago And A Turning Point Now,"At least 277 Iranian cities and towns have been the site of demonstrations in which people have chanted slogans like ""death to the dictator"" and ""down with oppression, be it the Shah's or the mullahs.""",https://www.ibtimes.com/iranians-students-day-turning-point-70-years-ago-turning-point-now-3648974,https://d.ibtimes.com/en/full/4397111/iranians-who-live-ukraine-attend-protest-against-irans-government-deliveries-iranian-drones.jpg,2022-12-25T11:00:01Z,Student activism on university campuses has had a very rich and colorful history all over the world. University students gravitate toward campus activism for a variety of reasons but fighting for soc… [+5715 chars]
95,"{'id': None, 'name': 'Chicago Tribune'}","Annie Sweeney, Erin Hooley","Sandra Brown beat the odds to get a college education while in prison. Now free, she seeks to make the process easier for others.","Sandra Brown, against huge odds, earned a bachelor’s and a master’s degree and started a Ph.D. program while she was locked up.",https://www.chicagotribune.com/news/criminal-justice/ct-education-behind-bars-20221225-zoypbd2tj5f5ngnco2jzvjy4im-htmlstory.html,https://www.chicagotribune.com/resizer/LL3KVLImYadbKMZWWwG2Hr581rw=/1200x630/filters:format(jpg):quality(70)/cloudfront-us-east-1.images.arcpublishing.com/tronc/FERTZ7ZUEZAHLPKJU34OWZEU7Q.jpg,2022-12-25T11:00:00Z,"Sandra Brown walked gingerly down a walkway to the side door of Decatur Correctional Center.
She wore jeans and a hooded sweatshirt that said The Reclamation Project,and her hair was styled into a t… [+22808 chars]"
96,"{'id': None, 'name': 'Süddeutsche Zeitung'}",Von Catherine Hoffmann,SZ-Serie: Münchens junge Unternehmen: Smart auf Spar-Flamme,"Tado hat intelligente Thermostate entwickelt, die beim Energiesparen helfen. Sie lassen sich mit dem Handy steuern und funktionieren fast mit jeder Heizung. Der Hersteller verspricht: Kunden zahlen gut 20 Prozent weniger als vorher.",https://www.sueddeutsche.de/muenchen/muenchen-wirtschaft-start-up-tado-1.5721071,https://www.sueddeutsche.de/image/sz.1.5721075/1200x675?v=1671965551,2022-12-25T10:52:33Z,"Tado hat intelligente Thermostate entwickelt, die beim Energiesparen helfen. Sie lassen sich mit dem Handy steuern und funktionieren fast mit jeder Heizung. Der Hersteller verspricht: Kunden zahlen g… [+10238 chars]"
97,"{'id': None, 'name': 'Beststocks.com'}",Roberto Liccardo,SK Telecom Company Limited (NYSE:SKM) StockNews.com has ... - Best Stocks,"In a report made available for public consumption on Saturday, StockNews.com advised its readers to ""buy"" shares of SK Telecom",https://beststocks.com/sk-telecom-company-limited-nyseskm-stocknews-c-3/,https://beststocks.com/wp-content/uploads/2022/07/Dow-Jones-DJIA.jpg,2022-12-25T10:49:21Z,"In a report made available for public consumption on Saturday, StockNews.com advised its readers to “buy” shares of SK Telecom Co., Ltd. (NYSE: SKM). A “hold” rating had been assigned to the company … [+4129 chars]"
98,"{'id': None, 'name': 'Sputnik International'}",Muhammad Osman,Researchers Recreate Two Facial Depictions of Egyptian Pharaoh Ramses II Using CT Scan Technology,"Pharaoh Ramses II belongs to the nineteenth dynasty in Ancient Egypt, where his rule extended between 1279 and 1212 BC. Nicknamed by his successors and subsequent rulers as the great-grandfather, Ramses II is considered the most famous and most powerful phara…",https://sputniknews.com/20221225/researchers-recreate-two-facial-depictions-of-egyptian-pharaoh-ramses-ii-using-ct-scan-technology-1105780761.html,https://cdnn1.img.sputniknews.com/images/sharing/article/eng/1105780761.jpg?11057805791671964836,2022-12-25T10:40:19Z,"Get the latest Africa news from Sputnik: breaking news, photos, videos, analysis, and features.
https://sputniknews.com/20221225/researchers-recreate-two-facial-depictions-of-egyptian-pharaoh-ramses… [+6289 chars]"
99,"{'id': None, 'name': 'Freerepublic.com'}",The Sun UK,FESTIVE FLIX Secret codes to unlock the hidden Christmas movie genres on Netflix revealed,"NETFLIX has so much Christmas content that it's hard to know where to start. Even if you do scroll down and find a Christmas movie genre, it might not be right for you. Netflix actually have a series of not-so secret codes that will instantly transport you to…",https://freerepublic.com/focus/f-chat/4118796/posts,,2022-12-25T10:37:46Z,"Skip to comments.
FESTIVE FLIX Secret codes to unlock the hidden Christmas movie genres on Netflix revealedThe Sun UK ^
 | 24 Dec 2022
 | Jamie Harris, Senior Technology and Science Reporter
Post… [+1572 chars]"
